Tanggal,Gudang,Produk,Stok_Awal,Stok_Masuk,Stok_Keluar,Lead_Time_Hari
2024-01-01,Depot Lampung,Pertalite,12270,4507,2860,3
2024-01-01,Depot Lampung,Pertamax,10191,4772,5092,3
2024-01-01,Depot Lampung,Solar,11265,1466,3238,3
2024-01-01,Depot Palembang,Pertalite,10578,3135,5444,4
2024-01-01,Depot Palembang,Pertamax,13322,2685,5380,2
2024-01-01,Depot Palembang,Solar,11949,3433,3215,4
2024-01-02,Depot Lampung,Pertalite,11420,2184,2459,2
2024-01-02,Depot Lampung,Pertamax,11396,1747,4904,1
2024-01-02,Depot Lampung,Solar,13666,2082,4558,2
2024-01-02,Depot Palembang,Pertalite,7047,4547,4747,4
2024-01-02,Depot Palembang,Pertamax,14998,1189,5005,3
2024-01-02,Depot Palembang,Solar,8005,1562,3899,3
2024-01-03,Depot Lampung,Pertalite,6267,3879,3528,3
2024-01-03,Depot Lampung,Pertamax,8556,4890,2646,1
2024-01-03,Depot Lampung,Solar,10393,3435,2600,4
2024-01-03,Depot Palembang,Pertalite,13433,3041,4824,2
2024-01-03,Depot Palembang,Pertamax,7612,3945,3363,4
2024-01-03,Depot Palembang,Solar,10486,4003,3478,4
2024-01-04,Depot Lampung,Pertalite,5775,1034,4253,1
2024-01-04,Depot Lampung,Pertamax,6585,4943,5459,2
2024-01-04,Depot Lampung,Solar,6021,4461,4613,2
2024-01-04,Depot Palembang,Pertalite,8843,4893,3500,3
2024-01-04,Depot Palembang,Pertamax,11873,2579,2161,2
2024-01-04,Depot Palembang,Solar,5995,3317,5934,4
2024-01-05,Depot Lampung,Pertalite,12629,4798,3275,1
2024-01-05,Depot Lampung,Pertamax,12869,3343,5796,4
2024-01-05,Depot Lampung,Solar,12916,1337,2878,1
2024-01-05,Depot Palembang,Pertalite,9887,4993,4264,4
2024-01-05,Depot Palembang,Pertamax,11331,1379,2492,1
2024-01-05,Depot Palembang,Solar,10276,3062,5884,1
2024-01-06,Depot Lampung,Pertalite,13006,3568,3367,1
2024-01-06,Depot Lampung,Pertamax,7027,3695,3495,3
2024-01-06,Depot Lampung,Solar,10258,2522,4640,4
2024-01-06,Depot Palembang,Pertalite,10892,4561,4278,2
2024-01-06,Depot Palembang,Pertamax,11184,4099,4182,1
2024-01-06,Depot Palembang,Solar,8104,4119,2502,3
2024-01-07,Depot Lampung,Pertalite,13996,3146,4731,4
2024-01-07,Depot Lampung,Pertamax,13154,2570,2960,3
2024-01-07,Depot Lampung,Solar,13110,2485,4690,1
2024-01-07,Depot Palembang,Pertalite,6028,4289,2502,3
2024-01-07,Depot Palembang,Pertamax,14062,3842,2392,3
2024-01-07,Depot Palembang,Solar,10134,2881,5625,4
2024-01-08,Depot Lampung,Pertalite,6484,4762,5646,4
2024-01-08,Depot Lampung,Pertamax,7790,4312,2563,1
2024-01-08,Depot Lampung,Solar,11019,2757,4532,3
2024-01-08,Depot Palembang,Pertalite,11374,3796,3678,3
2024-01-08,Depot Palembang,Pertamax,9636,2059,4572,4
2024-01-08,Depot Palembang,Solar,14914,4314,5157,4
2024-01-09,Depot Lampung,Pertalite,14789,4060,4693,4
2024-01-09,Depot Lampung,Pertamax,8627,2363,5869,2
2024-01-09,Depot Lampung,Solar,10450,2663,3529,3
2024-01-09,Depot Palembang,Pertalite,10592,4302,4237,1
2024-01-09,Depot Palembang,Pertamax,6306,3680,4675,1
2024-01-09,Depot Palembang,Solar,10864,2282,5430,2
2024-01-10,Depot Lampung,Pertalite,10575,2434,2648,2
2024-01-10,Depot Lampung,Pertamax,8748,4296,5890,2
2024-01-10,Depot Lampung,Solar,5663,2998,5898,2
2024-01-10,Depot Palembang,Pertalite,6495,4304,5763,1
2024-01-10,Depot Palembang,Pertamax,6853,2520,4489,4
2024-01-10,Depot Palembang,Solar,6291,4581,5878,2
2024-01-11,Depot Lampung,Pertalite,12554,4184,3636,1
2024-01-11,Depot Lampung,Pertamax,5698,3160,2001,2
2024-01-11,Depot Lampung,Solar,5854,2759,5296,1
2024-01-11,Depot Palembang,Pertalite,10249,2076,3707,2
2024-01-11,Depot Palembang,Pertamax,10791,2733,3439,3
2024-01-11,Depot Palembang,Solar,9931,4510,2202,4
2024-01-12,Depot Lampung,Pertalite,9218,1400,2766,2
2024-01-12,Depot Lampung,Pertamax,7327,4908,4931,2
2024-01-12,Depot Lampung,Solar,5197,4029,3930,3
2024-01-12,Depot Palembang,Pertalite,11287,1608,5272,4
2024-01-12,Depot Palembang,Pertamax,9282,4397,4511,1
2024-01-12,Depot Palembang,Solar,14986,1659,4811,3
2024-01-13,Depot Lampung,Pertalite,11546,2369,3986,3
2024-01-13,Depot Lampung,Pertamax,13338,4219,4911,3
2024-01-13,Depot Lampung,Solar,6843,1488,4976,4
2024-01-13,Depot Palembang,Pertalite,10759,3598,4385,4
2024-01-13,Depot Palembang,Pertamax,9736,2802,4520,2
2024-01-13,Depot Palembang,Solar,10534,4369,3634,3
2024-01-14,Depot Lampung,Pertalite,11287,3393,2623,1
2024-01-14,Depot Lampung,Pertamax,7049,3944,3327,2
2024-01-14,Depot Lampung,Solar,9548,4108,3183,3
2024-01-14,Depot Palembang,Pertalite,12158,3056,5304,3
2024-01-14,Depot Palembang,Pertamax,14874,3863,4255,3
2024-01-14,Depot Palembang,Solar,9499,3199,4101,4
2024-01-15,Depot Lampung,Pertalite,14888,4991,2627,3
2024-01-15,Depot Lampung,Pertamax,6648,2443,3445,4
2024-01-15,Depot Lampung,Solar,13445,4298,5183,2
2024-01-15,Depot Palembang,Pertalite,10592,1098,4200,1
2024-01-15,Depot Palembang,Pertamax,7961,2919,2877,2
2024-01-15,Depot Palembang,Solar,7869,4234,5791,1
2024-01-16,Depot Lampung,Pertalite,13352,2603,4848,2
2024-01-16,Depot Lampung,Pertamax,14492,1815,5987,4
2024-01-16,Depot Lampung,Solar,11015,2415,3158,3
2024-01-16,Depot Palembang,Pertalite,9496,1639,5104,4
2024-01-16,Depot Palembang,Pertamax,9555,1954,5954,2
2024-01-16,Depot Palembang,Solar,8446,2045,4797,2
2024-01-17,Depot Lampung,Pertalite,8436,1562,4485,4
2024-01-17,Depot Lampung,Pertamax,8354,3074,2225,1
2024-01-17,Depot Lampung,Solar,9893,4680,4331,3
2024-01-17,Depot Palembang,Pertalite,14151,2504,2452,4
2024-01-17,Depot Palembang,Pertamax,12996,1815,2658,4
2024-01-17,Depot Palembang,Solar,9642,2215,5120,4
2024-01-18,Depot Lampung,Pertalite,13208,4243,3243,2
2024-01-18,Depot Lampung,Pertamax,6069,4444,4565,3
2024-01-18,Depot Lampung,Solar,6060,3327,5420,1
2024-01-18,Depot Palembang,Pertalite,5301,1180,2606,3
2024-01-18,Depot Palembang,Pertamax,5699,1992,3139,3
2024-01-18,Depot Palembang,Solar,5980,3975,4006,1
2024-01-19,Depot Lampung,Pertalite,8327,4394,2127,2
2024-01-19,Depot Lampung,Pertamax,6816,2758,4613,2
2024-01-19,Depot Lampung,Solar,10442,2895,4733,4
2024-01-19,Depot Palembang,Pertalite,12455,3901,3686,2
2024-01-19,Depot Palembang,Pertamax,12806,1154,4537,2
2024-01-19,Depot Palembang,Solar,5784,4175,5464,3
2024-01-20,Depot Lampung,Pertalite,12343,4110,3500,2
2024-01-20,Depot Lampung,Pertamax,7806,1537,3890,2
2024-01-20,Depot Lampung,Solar,13716,3875,3529,3
2024-01-20,Depot Palembang,Pertalite,12992,1035,2684,4
2024-01-20,Depot Palembang,Pertamax,7368,4847,4559,2
2024-01-20,Depot Palembang,Solar,9495,3701,2971,3
2024-01-21,Depot Lampung,Pertalite,11614,2166,3115,2
2024-01-21,Depot Lampung,Pertamax,10919,3774,3982,2
2024-01-21,Depot Lampung,Solar,9146,4736,5769,3
2024-01-21,Depot Palembang,Pertalite,6148,3197,4361,2
2024-01-21,Depot Palembang,Pertamax,12509,3352,3715,2
2024-01-21,Depot Palembang,Solar,8854,2077,5050,4
2024-01-22,Depot Lampung,Pertalite,8124,2595,5051,4
2024-01-22,Depot Lampung,Pertamax,5004,2126,3219,2
2024-01-22,Depot Lampung,Solar,5876,1991,4931,2
2024-01-22,Depot Palembang,Pertalite,9142,3914,4870,4
2024-01-22,Depot Palembang,Pertamax,12987,3703,2268,2
2024-01-22,Depot Palembang,Solar,5635,2129,3693,3
2024-01-23,Depot Lampung,Pertalite,9752,1119,2830,3
2024-01-23,Depot Lampung,Pertamax,10177,2974,3369,1
2024-01-23,Depot Lampung,Solar,13308,2853,4838,3
2024-01-23,Depot Palembang,Pertalite,12560,2931,3012,1
2024-01-23,Depot Palembang,Pertamax,6081,1633,2512,3
2024-01-23,Depot Palembang,Solar,12805,2141,2559,1
2024-01-24,Depot Lampung,Pertalite,12404,4956,2896,4
2024-01-24,Depot Lampung,Pertamax,9070,1703,3470,1
2024-01-24,Depot Lampung,Solar,12004,3294,5147,2
2024-01-24,Depot Palembang,Pertalite,6679,4506,2996,2
2024-01-24,Depot Palembang,Pertamax,7744,4356,3243,1
2024-01-24,Depot Palembang,Solar,7141,2773,2957,4
2024-01-25,Depot Lampung,Pertalite,11617,3479,4388,3
2024-01-25,Depot Lampung,Pertamax,14827,2312,5325,2
2024-01-25,Depot Lampung,Solar,9452,3070,3785,2
2024-01-25,Depot Palembang,Pertalite,7849,4251,5294,2
2024-01-25,Depot Palembang,Pertamax,11905,4730,4489,4
2024-01-25,Depot Palembang,Solar,14207,2348,2515,4
2024-01-26,Depot Lampung,Pertalite,7839,1335,3782,2
2024-01-26,Depot Lampung,Pertamax,14087,3207,5546,4
2024-01-26,Depot Lampung,Solar,6687,2931,4737,3
2024-01-26,Depot Palembang,Pertalite,7427,2568,2956,3
2024-01-26,Depot Palembang,Pertamax,10732,2291,5906,1
2024-01-26,Depot Palembang,Solar,10536,2191,5913,3
2024-01-27,Depot Lampung,Pertalite,12723,1284,4444,4
2024-01-27,Depot Lampung,Pertamax,10726,4373,5969,1
2024-01-27,Depot Lampung,Solar,13945,3082,4774,1
2024-01-27,Depot Palembang,Pertalite,13967,3652,5993,2
2024-01-27,Depot Palembang,Pertamax,14817,4069,2417,3
2024-01-27,Depot Palembang,Solar,13808,4974,5267,2
2024-01-28,Depot Lampung,Pertalite,12668,2649,3516,3
2024-01-28,Depot Lampung,Pertamax,5412,4447,5491,1
2024-01-28,Depot Lampung,Solar,12164,3808,2675,2
2024-01-28,Depot Palembang,Pertalite,10988,3504,4967,4
2024-01-28,Depot Palembang,Pertamax,7786,4760,3122,4
2024-01-28,Depot Palembang,Solar,6571,1977,3008,3
2024-01-29,Depot Lampung,Pertalite,7143,2687,4710,2
2024-01-29,Depot Lampung,Pertamax,8440,4766,3548,3
2024-01-29,Depot Lampung,Solar,7914,1872,3821,1
2024-01-29,Depot Palembang,Pertalite,13787,2903,2728,2
2024-01-29,Depot Palembang,Pertamax,9492,1698,5090,1
2024-01-29,Depot Palembang,Solar,5395,3492,5304,3
2024-01-30,Depot Lampung,Pertalite,9171,1264,4502,4
2024-01-30,Depot Lampung,Pertamax,5717,3782,5455,4
2024-01-30,Depot Lampung,Solar,9946,4577,3390,4
2024-01-30,Depot Palembang,Pertalite,9980,4140,5170,4
2024-01-30,Depot Palembang,Pertamax,12192,3995,4938,1
2024-01-30,Depot Palembang,Solar,12651,4636,5222,4
2024-01-31,Depot Lampung,Pertalite,6062,3156,5764,2
2024-01-31,Depot Lampung,Pertamax,10305,3982,4445,3
2024-01-31,Depot Lampung,Solar,9729,2156,5234,3
2024-01-31,Depot Palembang,Pertalite,13924,1234,5914,2
2024-01-31,Depot Palembang,Pertamax,9846,3635,5080,2
2024-01-31,Depot Palembang,Solar,5953,3539,4960,1
2024-02-01,Depot Lampung,Pertalite,6542,2197,3676,4
2024-02-01,Depot Lampung,Pertamax,11313,2416,4993,3
2024-02-01,Depot Lampung,Solar,7681,2217,3540,1
2024-02-01,Depot Palembang,Pertalite,10541,3386,5719,4
2024-02-01,Depot Palembang,Pertamax,14580,2856,3365,4
2024-02-01,Depot Palembang,Solar,14872,1510,5398,1
2024-02-02,Depot Lampung,Pertalite,6324,2155,3827,2
2024-02-02,Depot Lampung,Pertamax,12419,4486,3810,1
2024-02-02,Depot Lampung,Solar,7923,2205,4214,3
2024-02-02,Depot Palembang,Pertalite,13905,2881,5602,3
2024-02-02,Depot Palembang,Pertamax,9268,1652,2753,4
2024-02-02,Depot Palembang,Solar,8709,2081,3683,4
2024-02-03,Depot Lampung,Pertalite,13647,1828,2894,1
2024-02-03,Depot Lampung,Pertamax,8072,3434,3996,4
2024-02-03,Depot Lampung,Solar,5504,2214,3531,1
2024-02-03,Depot Palembang,Pertalite,12576,1823,2928,2
2024-02-03,Depot Palembang,Pertamax,5133,3105,5627,1
2024-02-03,Depot Palembang,Solar,11316,2852,2814,1
2024-02-04,Depot Lampung,Pertalite,9175,3933,5284,3
2024-02-04,Depot Lampung,Pertamax,10348,2699,3250,3
2024-02-04,Depot Lampung,Solar,11190,2256,5376,2
2024-02-04,Depot Palembang,Pertalite,8486,4584,3396,2
2024-02-04,Depot Palembang,Pertamax,13053,4330,4703,3
2024-02-04,Depot Palembang,Solar,13120,4018,3035,2
2024-02-05,Depot Lampung,Pertalite,10063,1357,5019,4
2024-02-05,Depot Lampung,Pertamax,5667,1372,3031,2
2024-02-05,Depot Lampung,Solar,11819,1089,5719,2
2024-02-05,Depot Palembang,Pertalite,12483,4249,2539,4
2024-02-05,Depot Palembang,Pertamax,9964,1040,2739,4
2024-02-05,Depot Palembang,Solar,11042,3549,5006,1
2024-02-06,Depot Lampung,Pertalite,10320,1928,4036,4
2024-02-06,Depot Lampung,Pertamax,7779,3799,2924,1
2024-02-06,Depot Lampung,Solar,6581,4618,5324,2
2024-02-06,Depot Palembang,Pertalite,10713,3930,2255,1
2024-02-06,Depot Palembang,Pertamax,6838,2944,4497,2
2024-02-06,Depot Palembang,Solar,7871,1797,5313,3
2024-02-07,Depot Lampung,Pertalite,10124,4190,3015,1
2024-02-07,Depot Lampung,Pertamax,7193,1223,3262,1
2024-02-07,Depot Lampung,Solar,12449,1062,3240,2
2024-02-07,Depot Palembang,Pertalite,11970,3842,2688,1
2024-02-07,Depot Palembang,Pertamax,9000,2633,4152,3
2024-02-07,Depot Palembang,Solar,13702,1384,2404,4
2024-02-08,Depot Lampung,Pertalite,7000,3756,5934,1
2024-02-08,Depot Lampung,Pertamax,10989,3818,3460,3
2024-02-08,Depot Lampung,Solar,12140,4636,4724,2
2024-02-08,Depot Palembang,Pertalite,9178,2168,5156,2
2024-02-08,Depot Palembang,Pertamax,11600,2901,4048,3
2024-02-08,Depot Palembang,Solar,9780,1716,5843,2
2024-02-09,Depot Lampung,Pertalite,9544,1880,2487,4
2024-02-09,Depot Lampung,Pertamax,8419,3142,5143,3
2024-02-09,Depot Lampung,Solar,5249,1673,2437,2
2024-02-09,Depot Palembang,Pertalite,5770,4962,5377,4
2024-02-09,Depot Palembang,Pertamax,6077,1235,2388,2
2024-02-09,Depot Palembang,Solar,12901,1762,3848,1
2024-02-10,Depot Lampung,Pertalite,9719,3814,5374,3
2024-02-10,Depot Lampung,Pertamax,6252,3900,5981,2
2024-02-10,Depot Lampung,Solar,9530,3150,5493,4
2024-02-10,Depot Palembang,Pertalite,11881,3853,3329,2
2024-02-10,Depot Palembang,Pertamax,13017,3845,3358,3
2024-02-10,Depot Palembang,Solar,6331,1248,2165,1
2024-02-11,Depot Lampung,Pertalite,14550,2019,2541,3
2024-02-11,Depot Lampung,Pertamax,8177,4634,4128,1
2024-02-11,Depot Lampung,Solar,9892,3947,2137,4
2024-02-11,Depot Palembang,Pertalite,8472,2353,4832,4
2024-02-11,Depot Palembang,Pertamax,10971,4031,2068,2
2024-02-11,Depot Palembang,Solar,12941,3100,3473,1
2024-02-12,Depot Lampung,Pertalite,11269,4818,2042,4
2024-02-12,Depot Lampung,Pertamax,6906,3158,2760,3
2024-02-12,Depot Lampung,Solar,12350,3895,4142,3
2024-02-12,Depot Palembang,Pertalite,11031,4591,2899,4
2024-02-12,Depot Palembang,Pertamax,14911,1280,5266,4
2024-02-12,Depot Palembang,Solar,8266,1666,2092,4
2024-02-13,Depot Lampung,Pertalite,11777,4122,5474,1
2024-02-13,Depot Lampung,Pertamax,10124,2489,2603,2
2024-02-13,Depot Lampung,Solar,8900,3581,3428,2
2024-02-13,Depot Palembang,Pertalite,11376,1523,4393,2
2024-02-13,Depot Palembang,Pertamax,7593,2968,3101,2
2024-02-13,Depot Palembang,Solar,12240,3841,4296,3
2024-02-14,Depot Lampung,Pertalite,10240,3261,4286,4
2024-02-14,Depot Lampung,Pertamax,11493,1106,4878,4
2024-02-14,Depot Lampung,Solar,8644,1336,3049,4
2024-02-14,Depot Palembang,Pertalite,6276,2715,4766,3
2024-02-14,Depot Palembang,Pertamax,5638,1055,2725,2
2024-02-14,Depot Palembang,Solar,13150,3125,5287,2
2024-02-15,Depot Lampung,Pertalite,5364,3713,2525,3
2024-02-15,Depot Lampung,Pertamax,10126,2026,3646,3
2024-02-15,Depot Lampung,Solar,7797,3410,3774,4
2024-02-15,Depot Palembang,Pertalite,13172,4345,5577,2
2024-02-15,Depot Palembang,Pertamax,11882,2906,5086,4
2024-02-15,Depot Palembang,Solar,13152,2654,2484,4
2024-02-16,Depot Lampung,Pertalite,13905,2062,3976,1
2024-02-16,Depot Lampung,Pertamax,11229,4545,2125,4
2024-02-16,Depot Lampung,Solar,9632,3192,5596,4
2024-02-16,Depot Palembang,Pertalite,11168,2603,5465,3
2024-02-16,Depot Palembang,Pertamax,5232,3156,3169,3
2024-02-16,Depot Palembang,Solar,11371,1110,3493,2
2024-02-17,Depot Lampung,Pertalite,12943,4440,4795,3
2024-02-17,Depot Lampung,Pertamax,7472,3660,3541,4
2024-02-17,Depot Lampung,Solar,10401,4391,3761,3
2024-02-17,Depot Palembang,Pertalite,5876,2989,5812,1
2024-02-17,Depot Palembang,Pertamax,14504,2460,4709,1
2024-02-17,Depot Palembang,Solar,6733,2605,3526,4
2024-02-18,Depot Lampung,Pertalite,11986,4517,5901,2
2024-02-18,Depot Lampung,Pertamax,8735,3870,3160,3
2024-02-18,Depot Lampung,Solar,13434,3590,3063,1
2024-02-18,Depot Palembang,Pertalite,14111,2246,2005,2
2024-02-18,Depot Palembang,Pertamax,13659,2755,2074,4
2024-02-18,Depot Palembang,Solar,10966,1645,2117,1
2024-02-19,Depot Lampung,Pertalite,7551,3021,2946,2
2024-02-19,Depot Lampung,Pertamax,10560,1193,2846,3
2024-02-19,Depot Lampung,Solar,11316,4371,3668,2
2024-02-19,Depot Palembang,Pertalite,14333,3883,3810,4
2024-02-19,Depot Palembang,Pertamax,5224,1531,2112,4
2024-02-19,Depot Palembang,Solar,7048,3137,2653,4
2024-02-20,Depot Lampung,Pertalite,14765,2828,3917,3
2024-02-20,Depot Lampung,Pertamax,11988,3026,4306,1
2024-02-20,Depot Lampung,Solar,14093,1689,4039,2
2024-02-20,Depot Palembang,Pertalite,5260,2942,3673,4
2024-02-20,Depot Palembang,Pertamax,12041,3060,3191,2
2024-02-20,Depot Palembang,Solar,6619,1320,3342,1
2024-02-21,Depot Lampung,Pertalite,7832,3824,3994,3
2024-02-21,Depot Lampung,Pertamax,8490,4677,3118,1
2024-02-21,Depot Lampung,Solar,6604,3365,2235,2
2024-02-21,Depot Palembang,Pertalite,6908,1375,5530,1
2024-02-21,Depot Palembang,Pertamax,7635,2570,4560,4
2024-02-21,Depot Palembang,Solar,8391,3965,5643,4
2024-02-22,Depot Lampung,Pertalite,10468,4911,5850,1
2024-02-22,Depot Lampung,Pertamax,14444,3317,3851,2
2024-02-22,Depot Lampung,Solar,14506,1724,5236,1
2024-02-22,Depot Palembang,Pertalite,7898,4450,2077,2
2024-02-22,Depot Palembang,Pertamax,9227,1600,3772,2
2024-02-22,Depot Palembang,Solar,7136,3449,4343,4
2024-02-23,Depot Lampung,Pertalite,14510,1615,5597,4
2024-02-23,Depot Lampung,Pertamax,12804,3469,3888,3
2024-02-23,Depot Lampung,Solar,9670,3190,2992,1
2024-02-23,Depot Palembang,Pertalite,7192,2248,5054,3
2024-02-23,Depot Palembang,Pertamax,9033,2997,2820,4
2024-02-23,Depot Palembang,Solar,9018,4110,3970,2
2024-02-24,Depot Lampung,Pertalite,10765,3626,4438,3
2024-02-24,Depot Lampung,Pertamax,13135,3601,3471,4
2024-02-24,Depot Lampung,Solar,10742,2692,3312,4
2024-02-24,Depot Palembang,Pertalite,13669,2254,2922,4
2024-02-24,Depot Palembang,Pertamax,7204,3597,5512,1
2024-02-24,Depot Palembang,Solar,5950,3336,3277,4
2024-02-25,Depot Lampung,Pertalite,7645,2857,5593,1
2024-02-25,Depot Lampung,Pertamax,6865,3912,3141,2
2024-02-25,Depot Lampung,Solar,11028,4230,2814,4
2024-02-25,Depot Palembang,Pertalite,11359,3995,5767,3
2024-02-25,Depot Palembang,Pertamax,8228,4719,5332,1
2024-02-25,Depot Palembang,Solar,7371,3891,5756,2
2024-02-26,Depot Lampung,Pertalite,5094,3674,4802,4
2024-02-26,Depot Lampung,Pertamax,5793,2834,5354,1
2024-02-26,Depot Lampung,Solar,10779,1010,5325,2
2024-02-26,Depot Palembang,Pertalite,11166,1814,2345,2
2024-02-26,Depot Palembang,Pertamax,13554,3443,4265,1
2024-02-26,Depot Palembang,Solar,12783,4005,5281,1
2024-02-27,Depot Lampung,Pertalite,12790,2639,2827,3
2024-02-27,Depot Lampung,Pertamax,8531,4051,2355,4
2024-02-27,Depot Lampung,Solar,8876,2863,2126,2
2024-02-27,Depot Palembang,Pertalite,13795,4870,5449,1
2024-02-27,Depot Palembang,Pertamax,10109,1050,5100,2
2024-02-27,Depot Palembang,Solar,8368,4797,4826,3
2024-02-28,Depot Lampung,Pertalite,6792,3861,3636,1
2024-02-28,Depot Lampung,Pertamax,8417,2645,4467,2
2024-02-28,Depot Lampung,Solar,8030,3872,5072,3
2024-02-28,Depot Palembang,Pertalite,9021,1566,4418,4
2024-02-28,Depot Palembang,Pertamax,7708,4502,5016,1
2024-02-28,Depot Palembang,Solar,13393,4507,4360,1
2024-02-29,Depot Lampung,Pertalite,12970,1574,4291,1
2024-02-29,Depot Lampung,Pertamax,6625,3122,5877,2
2024-02-29,Depot Lampung,Solar,13070,4281,2474,2
2024-02-29,Depot Palembang,Pertalite,11490,4600,4687,3
2024-02-29,Depot Palembang,Pertamax,14146,1875,2762,3
2024-02-29,Depot Palembang,Solar,6205,1663,2024,3
2024-03-01,Depot Lampung,Pertalite,10299,1709,5572,4
2024-03-01,Depot Lampung,Pertamax,11320,1284,2062,3
2024-03-01,Depot Lampung,Solar,9757,3713,4203,2
2024-03-01,Depot Palembang,Pertalite,10588,4120,2966,1
2024-03-01,Depot Palembang,Pertamax,8432,1688,2147,2
2024-03-01,Depot Palembang,Solar,13533,3523,3086,1
2024-03-02,Depot Lampung,Pertalite,11704,1326,3792,4
2024-03-02,Depot Lampung,Pertamax,14181,3262,4482,3
2024-03-02,Depot Lampung,Solar,5951,1722,5389,4
2024-03-02,Depot Palembang,Pertalite,7717,3332,5376,1
2024-03-02,Depot Palembang,Pertamax,14692,1285,5215,4
2024-03-02,Depot Palembang,Solar,12186,3065,2768,2
2024-03-03,Depot Lampung,Pertalite,10490,4246,5057,2
2024-03-03,Depot Lampung,Pertamax,11645,1987,3136,2
2024-03-03,Depot Lampung,Solar,10797,1946,2830,4
2024-03-03,Depot Palembang,Pertalite,11016,4335,4972,3
2024-03-03,Depot Palembang,Pertamax,13038,4714,2799,2
2024-03-03,Depot Palembang,Solar,6481,2901,4209,4
2024-03-04,Depot Lampung,Pertalite,5054,4547,3823,2
2024-03-04,Depot Lampung,Pertamax,8462,4420,5079,1
2024-03-04,Depot Lampung,Solar,10954,3007,4006,3
2024-03-04,Depot Palembang,Pertalite,13519,4125,4808,3
2024-03-04,Depot Palembang,Pertamax,8300,3626,5122,1
2024-03-04,Depot Palembang,Solar,8675,4054,3287,2
2024-03-05,Depot Lampung,Pertalite,12970,3143,3111,2
2024-03-05,Depot Lampung,Pertamax,14503,4191,4861,3
2024-03-05,Depot Lampung,Solar,9547,2523,2164,2
2024-03-05,Depot Palembang,Pertalite,11612,1909,4782,3
2024-03-05,Depot Palembang,Pertamax,5943,3001,4054,2
2024-03-05,Depot Palembang,Solar,13966,4744,4198,1
2024-03-06,Depot Lampung,Pertalite,9242,4695,5452,3
2024-03-06,Depot Lampung,Pertamax,6308,3747,2081,2
2024-03-06,Depot Lampung,Solar,11852,2939,5594,2
2024-03-06,Depot Palembang,Pertalite,6409,1706,2470,3
2024-03-06,Depot Palembang,Pertamax,9491,2555,4308,1
2024-03-06,Depot Palembang,Solar,6279,2757,2904,2
2024-03-07,Depot Lampung,Pertalite,12083,2890,3523,2
2024-03-07,Depot Lampung,Pertamax,6387,2303,2592,2
2024-03-07,Depot Lampung,Solar,7679,3106,5798,4
2024-03-07,Depot Palembang,Pertalite,9831,3768,5953,3
2024-03-07,Depot Palembang,Pertamax,7573,1520,4599,2
2024-03-07,Depot Palembang,Solar,13428,2304,5430,1
2024-03-08,Depot Lampung,Pertalite,10877,2301,5306,2
2024-03-08,Depot Lampung,Pertamax,7051,3713,2441,1
2024-03-08,Depot Lampung,Solar,13996,1074,4885,2
2024-03-08,Depot Palembang,Pertalite,10475,1040,4981,2
2024-03-08,Depot Palembang,Pertamax,12184,2700,5224,2
2024-03-08,Depot Palembang,Solar,6622,4700,5945,2
2024-03-09,Depot Lampung,Pertalite,7074,4896,5358,2
2024-03-09,Depot Lampung,Pertamax,9263,1609,4315,1
2024-03-09,Depot Lampung,Solar,11136,3868,2454,2
2024-03-09,Depot Palembang,Pertalite,14900,4472,4969,1
2024-03-09,Depot Palembang,Pertamax,12643,1701,4681,2
2024-03-09,Depot Palembang,Solar,9225,4067,3845,3
2024-03-10,Depot Lampung,Pertalite,7866,1692,5363,3
2024-03-10,Depot Lampung,Pertamax,9124,1148,5850,4
2024-03-10,Depot Lampung,Solar,12679,3723,3136,3
2024-03-10,Depot Palembang,Pertalite,14442,2333,2097,3
2024-03-10,Depot Palembang,Pertamax,11766,3711,2757,2
2024-03-10,Depot Palembang,Solar,11212,4383,3312,2
2024-03-11,Depot Lampung,Pertalite,12715,1750,5219,3
2024-03-11,Depot Lampung,Pertamax,6762,4315,5562,1
2024-03-11,Depot Lampung,Solar,12101,4578,2364,3
2024-03-11,Depot Palembang,Pertalite,5481,3248,2153,2
2024-03-11,Depot Palembang,Pertamax,6524,3120,4760,4
2024-03-11,Depot Palembang,Solar,10136,2664,3240,1
2024-03-12,Depot Lampung,Pertalite,14130,2639,4089,1
2024-03-12,Depot Lampung,Pertamax,12970,1130,5569,1
2024-03-12,Depot Lampung,Solar,9203,1171,3458,2
2024-03-12,Depot Palembang,Pertalite,9197,3913,4571,3
2024-03-12,Depot Palembang,Pertamax,14828,4115,4864,1
2024-03-12,Depot Palembang,Solar,10136,1329,5640,3
2024-03-13,Depot Lampung,Pertalite,12982,1011,3341,4
2024-03-13,Depot Lampung,Pertamax,13407,1338,3799,3
2024-03-13,Depot Lampung,Solar,7708,4152,3750,1
2024-03-13,Depot Palembang,Pertalite,7421,4023,2709,4
2024-03-13,Depot Palembang,Pertamax,11609,2112,3291,3
2024-03-13,Depot Palembang,Solar,8993,1488,5948,2
2024-03-14,Depot Lampung,Pertalite,13238,4359,2777,4
2024-03-14,Depot Lampung,Pertamax,9806,1400,5990,2
2024-03-14,Depot Lampung,Solar,12124,4157,2249,3
2024-03-14,Depot Palembang,Pertalite,9430,1628,5590,1
2024-03-14,Depot Palembang,Pertamax,13007,2521,2826,3
2024-03-14,Depot Palembang,Solar,6500,3641,5294,2
2024-03-15,Depot Lampung,Pertalite,7419,1934,5042,2
2024-03-15,Depot Lampung,Pertamax,6466,4561,2614,1
2024-03-15,Depot Lampung,Solar,12693,2182,5223,3
2024-03-15,Depot Palembang,Pertalite,7667,3235,5884,2
2024-03-15,Depot Palembang,Pertamax,5130,3852,3194,4
2024-03-15,Depot Palembang,Solar,9278,4030,2363,3
2024-03-16,Depot Lampung,Pertalite,12694,4959,4544,4
2024-03-16,Depot Lampung,Pertamax,10468,4029,2920,1
2024-03-16,Depot Lampung,Solar,13684,2449,3131,2
2024-03-16,Depot Palembang,Pertalite,13502,1738,5241,2
2024-03-16,Depot Palembang,Pertamax,9346,1758,3804,1
2024-03-16,Depot Palembang,Solar,8810,2914,5110,2
2024-03-17,Depot Lampung,Pertalite,7032,1476,2317,1
2024-03-17,Depot Lampung,Pertamax,5271,4511,3771,3
2024-03-17,Depot Lampung,Solar,9361,3973,2920,3
2024-03-17,Depot Palembang,Pertalite,8430,1339,2388,1
2024-03-17,Depot Palembang,Pertamax,8760,3050,5500,2
2024-03-17,Depot Palembang,Solar,13567,4741,4033,4
2024-03-18,Depot Lampung,Pertalite,5145,2981,2292,1
2024-03-18,Depot Lampung,Pertamax,13623,1704,4996,2
2024-03-18,Depot Lampung,Solar,7632,1398,4864,1
2024-03-18,Depot Palembang,Pertalite,12511,1963,5211,3
2024-03-18,Depot Palembang,Pertamax,6828,3108,2938,4
2024-03-18,Depot Palembang,Solar,9805,1806,3463,3
2024-03-19,Depot Lampung,Pertalite,13202,2085,3868,2
2024-03-19,Depot Lampung,Pertamax,12878,3611,2771,3
2024-03-19,Depot Lampung,Solar,12827,4932,5646,2
2024-03-19,Depot Palembang,Pertalite,14076,4314,5564,2
2024-03-19,Depot Palembang,Pertamax,12274,1225,2824,2
2024-03-19,Depot Palembang,Solar,5936,3800,4553,3
2024-03-20,Depot Lampung,Pertalite,8845,4588,3796,2
2024-03-20,Depot Lampung,Pertamax,12214,1726,4736,1
2024-03-20,Depot Lampung,Solar,6913,2776,3596,3
2024-03-20,Depot Palembang,Pertalite,12657,3466,4737,2
2024-03-20,Depot Palembang,Pertamax,12312,3263,2002,4
2024-03-20,Depot Palembang,Solar,12906,1780,5191,1
2024-03-21,Depot Lampung,Pertalite,9675,2933,3380,2
2024-03-21,Depot Lampung,Pertamax,6290,2640,2951,3
2024-03-21,Depot Lampung,Solar,14179,4612,5720,3
2024-03-21,Depot Palembang,Pertalite,10016,3785,3355,2
2024-03-21,Depot Palembang,Pertamax,14752,4332,3418,3
2024-03-21,Depot Palembang,Solar,14175,4195,2974,2
2024-03-22,Depot Lampung,Pertalite,10370,4972,3199,2
2024-03-22,Depot Lampung,Pertamax,14105,1453,2036,4
2024-03-22,Depot Lampung,Solar,14903,4020,2795,1
2024-03-22,Depot Palembang,Pertalite,10068,1592,3137,4
2024-03-22,Depot Palembang,Pertamax,14516,3271,2317,1
2024-03-22,Depot Palembang,Solar,7162,3745,3346,4
2024-03-23,Depot Lampung,Pertalite,11183,4930,3996,1
2024-03-23,Depot Lampung,Pertamax,6312,2285,2215,3
2024-03-23,Depot Lampung,Solar,7383,4239,4139,1
2024-03-23,Depot Palembang,Pertalite,6704,3828,2362,1
2024-03-23,Depot Palembang,Pertamax,14908,2193,2355,3
2024-03-23,Depot Palembang,Solar,8738,3469,2699,3
2024-03-24,Depot Lampung,Pertalite,5556,1825,4808,3
2024-03-24,Depot Lampung,Pertamax,10150,3582,2425,2
2024-03-24,Depot Lampung,Solar,7719,3410,5508,2
2024-03-24,Depot Palembang,Pertalite,14766,4998,4129,4
2024-03-24,Depot Palembang,Pertamax,13780,3012,3547,3
2024-03-24,Depot Palembang,Solar,10343,2548,5117,3
2024-03-25,Depot Lampung,Pertalite,6136,2256,4064,4
2024-03-25,Depot Lampung,Pertamax,12009,1699,2447,4
2024-03-25,Depot Lampung,Solar,6007,2349,4514,2
2024-03-25,Depot Palembang,Pertalite,10352,2247,2993,3
2024-03-25,Depot Palembang,Pertamax,6435,1571,4382,2
2024-03-25,Depot Palembang,Solar,10084,1277,3219,4
2024-03-26,Depot Lampung,Pertalite,6887,1483,3265,4
2024-03-26,Depot Lampung,Pertamax,6040,3571,2917,1
2024-03-26,Depot Lampung,Solar,13073,1885,4752,2
2024-03-26,Depot Palembang,Pertalite,9569,4191,4257,2
2024-03-26,Depot Palembang,Pertamax,12437,1703,2686,1
2024-03-26,Depot Palembang,Solar,9811,4747,2762,3
2024-03-27,Depot Lampung,Pertalite,10043,3428,4507,3
2024-03-27,Depot Lampung,Pertamax,13220,1906,5104,2
2024-03-27,Depot Lampung,Solar,14645,1737,5356,4
2024-03-27,Depot Palembang,Pertalite,12266,3444,5560,3
2024-03-27,Depot Palembang,Pertamax,8342,1886,4844,1
2024-03-27,Depot Palembang,Solar,6098,3931,3823,2
2024-03-28,Depot Lampung,Pertalite,8155,4093,5530,3
2024-03-28,Depot Lampung,Pertamax,8778,3896,5453,4
2024-03-28,Depot Lampung,Solar,5988,1020,4350,4
2024-03-28,Depot Palembang,Pertalite,9179,4845,3682,1
2024-03-28,Depot Palembang,Pertamax,10626,4328,2569,4
2024-03-28,Depot Palembang,Solar,5933,4598,5233,1
2024-03-29,Depot Lampung,Pertalite,8056,1792,2791,4
2024-03-29,Depot Lampung,Pertamax,10390,3539,4255,3
2024-03-29,Depot Lampung,Solar,6607,2083,4477,1
2024-03-29,Depot Palembang,Pertalite,10776,4676,5380,4
2024-03-29,Depot Palembang,Pertamax,13782,2050,3709,2
2024-03-29,Depot Palembang,Solar,11342,3434,2348,4
2024-03-30,Depot Lampung,Pertalite,11059,1692,3559,4
2024-03-30,Depot Lampung,Pertamax,9473,3946,4963,2
2024-03-30,Depot Lampung,Solar,5526,4224,4781,2
2024-03-30,Depot Palembang,Pertalite,6875,2763,2520,2
2024-03-30,Depot Palembang,Pertamax,14208,4003,5902,2
2024-03-30,Depot Palembang,Solar,10109,3548,2116,2
2024-03-31,Depot Lampung,Pertalite,10463,1583,2394,4
2024-03-31,Depot Lampung,Pertamax,8788,3768,2071,1
2024-03-31,Depot Lampung,Solar,13465,3013,3343,2
2024-03-31,Depot Palembang,Pertalite,6389,4566,2606,2
2024-03-31,Depot Palembang,Pertamax,14759,3058,3324,1
2024-03-31,Depot Palembang,Solar,7043,1101,5496,4
2024-04-01,Depot Lampung,Pertalite,5778,1213,5762,4
2024-04-01,Depot Lampung,Pertamax,14768,3448,4635,1
2024-04-01,Depot Lampung,Solar,8117,2695,5534,4
2024-04-01,Depot Palembang,Pertalite,7720,1713,2935,4
2024-04-01,Depot Palembang,Pertamax,13032,1001,4272,1
2024-04-01,Depot Palembang,Solar,6949,3636,4163,2
2024-04-02,Depot Lampung,Pertalite,5917,4174,4241,2
2024-04-02,Depot Lampung,Pertamax,12014,1089,3709,2
2024-04-02,Depot Lampung,Solar,8041,1105,2886,4
2024-04-02,Depot Palembang,Pertalite,6895,2994,2316,3
2024-04-02,Depot Palembang,Pertamax,5634,2925,4056,2
2024-04-02,Depot Palembang,Solar,8144,4430,4270,4
2024-04-03,Depot Lampung,Pertalite,5552,4441,2715,4
2024-04-03,Depot Lampung,Pertamax,8911,2713,3883,2
2024-04-03,Depot Lampung,Solar,14299,2341,2110,3
2024-04-03,Depot Palembang,Pertalite,7430,3054,2458,4
2024-04-03,Depot Palembang,Pertamax,5207,1899,5461,2
2024-04-03,Depot Palembang,Solar,5021,1409,2894,3
2024-04-04,Depot Lampung,Pertalite,12294,1808,5771,2
2024-04-04,Depot Lampung,Pertamax,9109,1970,5025,2
2024-04-04,Depot Lampung,Solar,12179,3134,5595,1
2024-04-04,Depot Palembang,Pertalite,6560,2324,3266,2
2024-04-04,Depot Palembang,Pertamax,8638,1749,5427,1
2024-04-04,Depot Palembang,Solar,6927,4804,5702,1
2024-04-05,Depot Lampung,Pertalite,9790,3335,2306,4
2024-04-05,Depot Lampung,Pertamax,8665,2989,4961,3
2024-04-05,Depot Lampung,Solar,5661,1548,5423,4
2024-04-05,Depot Palembang,Pertalite,7920,2082,5714,4
2024-04-05,Depot Palembang,Pertamax,13946,1034,2444,1
2024-04-05,Depot Palembang,Solar,11078,2230,2352,3
2024-04-06,Depot Lampung,Pertalite,12005,2748,2158,2
2024-04-06,Depot Lampung,Pertamax,5956,3071,2403,1
2024-04-06,Depot Lampung,Solar,14579,4453,4579,4
2024-04-06,Depot Palembang,Pertalite,11295,4633,3712,3
2024-04-06,Depot Palembang,Pertamax,9703,4688,4467,2
2024-04-06,Depot Palembang,Solar,10631,4811,4625,3
2024-04-07,Depot Lampung,Pertalite,14633,3979,3797,3
2024-04-07,Depot Lampung,Pertamax,6394,1185,3269,1
2024-04-07,Depot Lampung,Solar,8714,4308,2529,4
2024-04-07,Depot Palembang,Pertalite,7958,4808,4914,2
2024-04-07,Depot Palembang,Pertamax,8591,3147,4799,2
2024-04-07,Depot Palembang,Solar,14131,1525,4381,2
2024-04-08,Depot Lampung,Pertalite,5374,3340,4884,2
2024-04-08,Depot Lampung,Pertamax,9648,3365,3525,4
2024-04-08,Depot Lampung,Solar,6646,1013,2503,3
2024-04-08,Depot Palembang,Pertalite,8155,1129,5814,2
2024-04-08,Depot Palembang,Pertamax,8216,3938,5928,1
2024-04-08,Depot Palembang,Solar,13219,3113,5234,1
2024-04-09,Depot Lampung,Pertalite,9356,3046,3472,4
2024-04-09,Depot Lampung,Pertamax,9555,4747,2300,3
2024-04-09,Depot Lampung,Solar,8374,3334,5466,2
2024-04-09,Depot Palembang,Pertalite,5629,1269,4639,2
2024-04-09,Depot Palembang,Pertamax,10724,2801,4891,2
2024-04-09,Depot Palembang,Solar,8432,2280,4180,4
2024-04-10,Depot Lampung,Pertalite,10895,2706,5019,1
2024-04-10,Depot Lampung,Pertamax,5575,3933,4003,4
2024-04-10,Depot Lampung,Solar,8192,4178,3956,3
2024-04-10,Depot Palembang,Pertalite,11116,4275,4212,1
2024-04-10,Depot Palembang,Pertamax,8568,2655,3579,4
2024-04-10,Depot Palembang,Solar,7203,2390,3742,2
2024-04-11,Depot Lampung,Pertalite,5619,2274,2956,4
2024-04-11,Depot Lampung,Pertamax,8953,3381,5713,1
2024-04-11,Depot Lampung,Solar,14508,2043,2281,1
2024-04-11,Depot Palembang,Pertalite,11262,2058,2197,1
2024-04-11,Depot Palembang,Pertamax,10178,3884,3184,1
2024-04-11,Depot Palembang,Solar,6229,2035,2489,4
2024-04-12,Depot Lampung,Pertalite,7740,3289,3239,3
2024-04-12,Depot Lampung,Pertamax,5125,1216,5377,1
2024-04-12,Depot Lampung,Solar,14400,4110,3246,4
2024-04-12,Depot Palembang,Pertalite,11638,3474,5249,3
2024-04-12,Depot Palembang,Pertamax,12595,2317,5923,3
2024-04-12,Depot Palembang,Solar,11527,2661,5884,4
2024-04-13,Depot Lampung,Pertalite,6969,3793,2891,3
2024-04-13,Depot Lampung,Pertamax,12175,3033,3364,1
2024-04-13,Depot Lampung,Solar,14206,2799,4716,4
2024-04-13,Depot Palembang,Pertalite,9612,2518,2085,3
2024-04-13,Depot Palembang,Pertamax,10238,4289,4474,2
2024-04-13,Depot Palembang,Solar,11257,4216,5609,4
2024-04-14,Depot Lampung,Pertalite,5302,3791,5952,4
2024-04-14,Depot Lampung,Pertamax,5986,2863,2344,2
2024-04-14,Depot Lampung,Solar,8072,4218,3310,4
2024-04-14,Depot Palembang,Pertalite,8124,2327,3092,1
2024-04-14,Depot Palembang,Pertamax,13125,4291,3009,4
2024-04-14,Depot Palembang,Solar,13133,1574,3608,1
2024-04-15,Depot Lampung,Pertalite,12848,2112,2687,1
2024-04-15,Depot Lampung,Pertamax,8828,3636,5230,1
2024-04-15,Depot Lampung,Solar,12114,2347,5681,1
2024-04-15,Depot Palembang,Pertalite,8173,1493,3667,2
2024-04-15,Depot Palembang,Pertamax,9114,4525,5553,2
2024-04-15,Depot Palembang,Solar,6000,4350,2850,1
2024-04-16,Depot Lampung,Pertalite,10450,4712,3367,2
2024-04-16,Depot Lampung,Pertamax,14013,1454,3624,1
2024-04-16,Depot Lampung,Solar,8726,4136,5147,2
2024-04-16,Depot Palembang,Pertalite,9806,3190,2916,3
2024-04-16,Depot Palembang,Pertamax,7875,3652,3496,1
2024-04-16,Depot Palembang,Solar,13927,4568,4338,4
2024-04-17,Depot Lampung,Pertalite,12010,4015,5693,2
2024-04-17,Depot Lampung,Pertamax,14153,3989,5848,3
2024-04-17,Depot Lampung,Solar,11228,4865,4375,4
2024-04-17,Depot Palembang,Pertalite,6177,1664,2011,1
2024-04-17,Depot Palembang,Pertamax,9399,4364,5022,4
2024-04-17,Depot Palembang,Solar,13234,1943,4390,2
2024-04-18,Depot Lampung,Pertalite,11570,2004,2020,3
2024-04-18,Depot Lampung,Pertamax,14206,1335,3838,1
2024-04-18,Depot Lampung,Solar,10243,3446,4840,4
2024-04-18,Depot Palembang,Pertalite,13906,1050,5854,4
2024-04-18,Depot Palembang,Pertamax,5140,1469,2786,2
2024-04-18,Depot Palembang,Solar,11012,1963,5055,1
2024-04-19,Depot Lampung,Pertalite,8610,2692,4798,4
2024-04-19,Depot Lampung,Pertamax,12311,1105,3443,2
2024-04-19,Depot Lampung,Solar,14873,1001,4636,4
2024-04-19,Depot Palembang,Pertalite,7137,4416,2349,3
2024-04-19,Depot Palembang,Pertamax,6286,4422,5179,2
2024-04-19,Depot Palembang,Solar,12052,3206,5654,3
2024-04-20,Depot Lampung,Pertalite,7359,4312,2444,2
2024-04-20,Depot Lampung,Pertamax,10047,1035,3107,4
2024-04-20,Depot Lampung,Solar,6798,2845,3408,4
2024-04-20,Depot Palembang,Pertalite,10495,2708,3385,3
2024-04-20,Depot Palembang,Pertamax,11284,3934,5989,2
2024-04-20,Depot Palembang,Solar,6300,3773,3243,1
2024-04-21,Depot Lampung,Pertalite,8097,1520,3806,2
2024-04-21,Depot Lampung,Pertamax,10752,2660,4729,4
2024-04-21,Depot Lampung,Solar,11295,1719,3072,2
2024-04-21,Depot Palembang,Pertalite,6316,2603,2049,4
2024-04-21,Depot Palembang,Pertamax,11674,4683,5131,3
2024-04-21,Depot Palembang,Solar,8273,3904,2145,3
2024-04-22,Depot Lampung,Pertalite,8040,2462,4289,1
2024-04-22,Depot Lampung,Pertamax,14776,1482,5179,2
2024-04-22,Depot Lampung,Solar,5630,3708,2661,4
2024-04-22,Depot Palembang,Pertalite,7852,4726,4466,4
2024-04-22,Depot Palembang,Pertamax,12622,4231,3546,2
2024-04-22,Depot Palembang,Solar,14160,3637,3100,1
2024-04-23,Depot Lampung,Pertalite,13632,4325,2920,2
2024-04-23,Depot Lampung,Pertamax,6343,2826,2262,1
2024-04-23,Depot Lampung,Solar,14769,4445,4684,3
2024-04-23,Depot Palembang,Pertalite,11602,1998,5351,4
2024-04-23,Depot Palembang,Pertamax,7349,4602,3603,2
2024-04-23,Depot Palembang,Solar,6125,3601,4335,3
2024-04-24,Depot Lampung,Pertalite,11764,2005,2035,4
2024-04-24,Depot Lampung,Pertamax,12843,2922,2072,4
2024-04-24,Depot Lampung,Solar,10472,2914,3093,1
2024-04-24,Depot Palembang,Pertalite,5707,2804,4608,4
2024-04-24,Depot Palembang,Pertamax,8713,1955,4564,4
2024-04-24,Depot Palembang,Solar,8610,1159,4196,4
2024-04-25,Depot Lampung,Pertalite,12397,2735,3585,3
2024-04-25,Depot Lampung,Pertamax,12979,3428,2057,3
2024-04-25,Depot Lampung,Solar,13533,4909,3153,3
2024-04-25,Depot Palembang,Pertalite,10291,3817,4661,1
2024-04-25,Depot Palembang,Pertamax,8874,3401,3494,2
2024-04-25,Depot Palembang,Solar,9211,4335,2661,4
2024-04-26,Depot Lampung,Pertalite,8374,2016,2310,4
2024-04-26,Depot Lampung,Pertamax,7665,3493,4717,1
2024-04-26,Depot Lampung,Solar,8083,1656,3423,4
2024-04-26,Depot Palembang,Pertalite,8719,4027,4562,4
2024-04-26,Depot Palembang,Pertamax,5236,4350,2347,3
2024-04-26,Depot Palembang,Solar,14732,3003,5943,4
2024-04-27,Depot Lampung,Pertalite,13555,3368,5704,2
2024-04-27,Depot Lampung,Pertamax,5148,2107,4453,2
2024-04-27,Depot Lampung,Solar,14958,1799,3184,1
2024-04-27,Depot Palembang,Pertalite,14715,3785,4556,2
2024-04-27,Depot Palembang,Pertamax,9576,2686,4161,1
2024-04-27,Depot Palembang,Solar,14793,3408,2340,2
2024-04-28,Depot Lampung,Pertalite,7496,2866,2834,4
2024-04-28,Depot Lampung,Pertamax,14917,4478,3689,4
2024-04-28,Depot Lampung,Solar,9406,1261,3442,2
2024-04-28,Depot Palembang,Pertalite,9437,2339,5172,4
2024-04-28,Depot Palembang,Pertamax,9107,4310,2560,2
2024-04-28,Depot Palembang,Solar,13785,2452,3826,2
2024-04-29,Depot Lampung,Pertalite,12629,1133,5138,4
2024-04-29,Depot Lampung,Pertamax,12693,1072,2398,1
2024-04-29,Depot Lampung,Solar,12842,3625,4906,2
2024-04-29,Depot Palembang,Pertalite,7978,4537,5277,4
2024-04-29,Depot Palembang,Pertamax,11097,4839,2265,1
2024-04-29,Depot Palembang,Solar,13984,3300,4869,1
2024-04-30,Depot Lampung,Pertalite,9259,1094,3805,1
2024-04-30,Depot Lampung,Pertamax,14325,3383,2821,2
2024-04-30,Depot Lampung,Solar,7530,2960,4949,1
2024-04-30,Depot Palembang,Pertalite,10772,4188,4529,4
2024-04-30,Depot Palembang,Pertamax,7964,4041,2963,1
2024-04-30,Depot Palembang,Solar,12340,2979,5083,4
2024-05-01,Depot Lampung,Pertalite,13734,1845,5603,2
2024-05-01,Depot Lampung,Pertamax,8036,2851,4494,2
2024-05-01,Depot Lampung,Solar,7719,2884,2042,2
2024-05-01,Depot Palembang,Pertalite,10179,3710,4514,3
2024-05-01,Depot Palembang,Pertamax,12154,2540,5538,2
2024-05-01,Depot Palembang,Solar,11488,1641,4429,3
2024-05-02,Depot Lampung,Pertalite,5689,2276,3950,4
2024-05-02,Depot Lampung,Pertamax,13648,1982,4130,1
2024-05-02,Depot Lampung,Solar,10448,2179,2189,2
2024-05-02,Depot Palembang,Pertalite,14074,3310,5151,4
2024-05-02,Depot Palembang,Pertamax,11907,1608,5331,4
2024-05-02,Depot Palembang,Solar,6638,2575,4832,1
2024-05-03,Depot Lampung,Pertalite,6382,2403,2819,1
2024-05-03,Depot Lampung,Pertamax,14011,1419,2123,2
2024-05-03,Depot Lampung,Solar,8302,4761,5134,1
2024-05-03,Depot Palembang,Pertalite,12870,2597,2767,1
2024-05-03,Depot Palembang,Pertamax,6549,3502,3764,1
2024-05-03,Depot Palembang,Solar,8716,1509,3206,2
2024-05-04,Depot Lampung,Pertalite,12898,3452,4293,2
2024-05-04,Depot Lampung,Pertamax,12758,3708,4697,3
2024-05-04,Depot Lampung,Solar,12993,2911,3446,1
2024-05-04,Depot Palembang,Pertalite,11356,3009,2241,1
2024-05-04,Depot Palembang,Pertamax,12380,4764,4385,1
2024-05-04,Depot Palembang,Solar,9268,1671,2163,1
2024-05-05,Depot Lampung,Pertalite,9592,1699,4442,3
2024-05-05,Depot Lampung,Pertamax,11036,3355,3791,3
2024-05-05,Depot Lampung,Solar,12961,3557,3731,2
2024-05-05,Depot Palembang,Pertalite,9719,4835,2593,4
2024-05-05,Depot Palembang,Pertamax,12394,2768,5804,4
2024-05-05,Depot Palembang,Solar,8493,3601,4068,2
2024-05-06,Depot Lampung,Pertalite,7672,1104,4239,1
2024-05-06,Depot Lampung,Pertamax,8191,1392,2424,1
2024-05-06,Depot Lampung,Solar,5571,4631,4076,1
2024-05-06,Depot Palembang,Pertalite,12177,1241,5897,4
2024-05-06,Depot Palembang,Pertamax,13123,3279,2788,4
2024-05-06,Depot Palembang,Solar,13906,1758,4849,4
2024-05-07,Depot Lampung,Pertalite,11869,3247,4992,3
2024-05-07,Depot Lampung,Pertamax,13080,4003,5926,4
2024-05-07,Depot Lampung,Solar,12340,3514,4628,4
2024-05-07,Depot Palembang,Pertalite,12083,3496,4134,1
2024-05-07,Depot Palembang,Pertamax,14223,1844,5271,1
2024-05-07,Depot Palembang,Solar,8456,4692,5506,4
2024-05-08,Depot Lampung,Pertalite,12650,3711,5088,1
2024-05-08,Depot Lampung,Pertamax,5147,3324,2231,2
2024-05-08,Depot Lampung,Solar,5365,4299,3674,4
2024-05-08,Depot Palembang,Pertalite,10330,2414,4546,4
2024-05-08,Depot Palembang,Pertamax,13754,4562,4489,1
2024-05-08,Depot Palembang,Solar,13964,3397,4037,4
2024-05-09,Depot Lampung,Pertalite,10439,3185,3573,3
2024-05-09,Depot Lampung,Pertamax,11511,4291,5408,3
2024-05-09,Depot Lampung,Solar,8839,1359,2920,1
2024-05-09,Depot Palembang,Pertalite,8009,3510,4993,3
2024-05-09,Depot Palembang,Pertamax,6827,4453,4883,2
2024-05-09,Depot Palembang,Solar,14832,3216,2216,2
2024-05-10,Depot Lampung,Pertalite,9285,3814,2369,2
2024-05-10,Depot Lampung,Pertamax,7196,4747,2651,3
2024-05-10,Depot Lampung,Solar,10607,1769,4421,1
2024-05-10,Depot Palembang,Pertalite,14908,3207,4398,4
2024-05-10,Depot Palembang,Pertamax,14503,4359,4939,2
2024-05-10,Depot Palembang,Solar,13714,1521,2782,1
2024-05-11,Depot Lampung,Pertalite,14127,4473,4230,1
2024-05-11,Depot Lampung,Pertamax,10784,1487,3850,2
2024-05-11,Depot Lampung,Solar,11267,4032,5697,2
2024-05-11,Depot Palembang,Pertalite,7461,3003,3748,4
2024-05-11,Depot Palembang,Pertamax,5685,3160,4935,1
2024-05-11,Depot Palembang,Solar,14759,2245,5702,3
2024-05-12,Depot Lampung,Pertalite,9875,2256,4990,2
2024-05-12,Depot Lampung,Pertamax,7196,4468,5069,1
2024-05-12,Depot Lampung,Solar,5301,4431,4285,3
2024-05-12,Depot Palembang,Pertalite,14951,3250,2255,2
2024-05-12,Depot Palembang,Pertamax,13853,1234,3368,2
2024-05-12,Depot Palembang,Solar,12003,4868,5852,2
2024-05-13,Depot Lampung,Pertalite,9558,3483,2282,2
2024-05-13,Depot Lampung,Pertamax,14678,2430,2087,4
2024-05-13,Depot Lampung,Solar,13652,3325,5754,1
2024-05-13,Depot Palembang,Pertalite,6724,2376,4743,3
2024-05-13,Depot Palembang,Pertamax,13894,2653,4066,3
2024-05-13,Depot Palembang,Solar,7460,2053,3830,4
2024-05-14,Depot Lampung,Pertalite,14496,4199,5300,3
2024-05-14,Depot Lampung,Pertamax,11279,1361,5257,4
2024-05-14,Depot Lampung,Solar,11272,2899,3284,3
2024-05-14,Depot Palembang,Pertalite,5448,2923,5175,3
2024-05-14,Depot Palembang,Pertamax,10343,2855,2873,2
2024-05-14,Depot Palembang,Solar,7520,4081,3428,4
2024-05-15,Depot Lampung,Pertalite,11445,3278,3754,3
2024-05-15,Depot Lampung,Pertamax,7159,2036,3416,4
2024-05-15,Depot Lampung,Solar,7979,3645,4281,2
2024-05-15,Depot Palembang,Pertalite,13505,3613,5083,1
2024-05-15,Depot Palembang,Pertamax,6037,2656,5489,1
2024-05-15,Depot Palembang,Solar,12544,4091,4634,4
2024-05-16,Depot Lampung,Pertalite,6778,4806,3014,2
2024-05-16,Depot Lampung,Pertamax,12378,2124,2697,4
2024-05-16,Depot Lampung,Solar,14596,2155,3043,2
2024-05-16,Depot Palembang,Pertalite,6013,1226,5225,1
2024-05-16,Depot Palembang,Pertamax,12909,2492,2821,4
2024-05-16,Depot Palembang,Solar,9966,3452,4249,2
2024-05-17,Depot Lampung,Pertalite,10891,1187,3080,1
2024-05-17,Depot Lampung,Pertamax,7563,4292,2525,3
2024-05-17,Depot Lampung,Solar,9431,3745,3078,4
2024-05-17,Depot Palembang,Pertalite,8959,3813,4583,2
2024-05-17,Depot Palembang,Pertamax,5593,2938,4206,4
2024-05-17,Depot Palembang,Solar,8390,2901,4258,2
2024-05-18,Depot Lampung,Pertalite,5663,2132,3099,2
2024-05-18,Depot Lampung,Pertamax,10433,1997,3140,3
2024-05-18,Depot Lampung,Solar,5867,4775,4066,4
2024-05-18,Depot Palembang,Pertalite,10469,1182,4160,3
2024-05-18,Depot Palembang,Pertamax,6169,1830,3651,1
2024-05-18,Depot Palembang,Solar,7810,1475,4810,3
2024-05-19,Depot Lampung,Pertalite,6019,2141,3836,1
2024-05-19,Depot Lampung,Pertamax,6283,1659,3775,3
2024-05-19,Depot Lampung,Solar,7010,1398,3733,3
2024-05-19,Depot Palembang,Pertalite,7125,3171,2074,3
2024-05-19,Depot Palembang,Pertamax,8471,1836,3528,4
2024-05-19,Depot Palembang,Solar,13329,3097,3794,1
2024-05-20,Depot Lampung,Pertalite,11397,4701,4028,2
2024-05-20,Depot Lampung,Pertamax,8920,2900,4610,1
2024-05-20,Depot Lampung,Solar,6449,1546,5373,2
2024-05-20,Depot Palembang,Pertalite,12999,2956,4003,1
2024-05-20,Depot Palembang,Pertamax,13895,3308,4403,2
2024-05-20,Depot Palembang,Solar,14817,4331,2637,3
2024-05-21,Depot Lampung,Pertalite,12462,2009,4978,1
2024-05-21,Depot Lampung,Pertamax,7839,4384,4659,2
2024-05-21,Depot Lampung,Solar,5685,2851,5435,4
2024-05-21,Depot Palembang,Pertalite,12736,4614,3619,4
2024-05-21,Depot Palembang,Pertamax,11868,3973,3431,4
2024-05-21,Depot Palembang,Solar,9713,3461,3365,4
2024-05-22,Depot Lampung,Pertalite,9998,1162,3974,4
2024-05-22,Depot Lampung,Pertamax,13461,1631,2905,4
2024-05-22,Depot Lampung,Solar,7014,2641,5800,1
2024-05-22,Depot Palembang,Pertalite,5581,2579,2840,1
2024-05-22,Depot Palembang,Pertamax,10347,2719,3642,4
2024-05-22,Depot Palembang,Solar,13017,3297,2874,1
2024-05-23,Depot Lampung,Pertalite,5689,3010,5590,2
2024-05-23,Depot Lampung,Pertamax,14614,3001,2671,4
2024-05-23,Depot Lampung,Solar,6171,2495,5726,4
2024-05-23,Depot Palembang,Pertalite,11342,4988,3449,2
2024-05-23,Depot Palembang,Pertamax,7539,4959,2895,2
2024-05-23,Depot Palembang,Solar,10432,1164,4361,1
2024-05-24,Depot Lampung,Pertalite,8670,2753,5031,1
2024-05-24,Depot Lampung,Pertamax,6938,1370,3880,1
2024-05-24,Depot Lampung,Solar,11588,1424,4208,2
2024-05-24,Depot Palembang,Pertalite,12875,1894,4537,1
2024-05-24,Depot Palembang,Pertamax,5597,4062,4336,1
2024-05-24,Depot Palembang,Solar,14879,4644,2572,2
2024-05-25,Depot Lampung,Pertalite,11171,4001,4090,1
2024-05-25,Depot Lampung,Pertamax,11566,4669,2176,1
2024-05-25,Depot Lampung,Solar,6633,1965,3517,2
2024-05-25,Depot Palembang,Pertalite,8648,3889,2852,1
2024-05-25,Depot Palembang,Pertamax,6537,3069,5183,1
2024-05-25,Depot Palembang,Solar,8137,3889,2097,4
2024-05-26,Depot Lampung,Pertalite,8750,4157,2587,4
2024-05-26,Depot Lampung,Pertamax,13174,2317,3979,3
2024-05-26,Depot Lampung,Solar,5610,2727,4290,3
2024-05-26,Depot Palembang,Pertalite,10055,3079,4438,1
2024-05-26,Depot Palembang,Pertamax,14369,3430,3091,2
2024-05-26,Depot Palembang,Solar,10774,3423,4791,1
2024-05-27,Depot Lampung,Pertalite,6749,3675,4651,2
2024-05-27,Depot Lampung,Pertamax,12548,4048,4727,2
2024-05-27,Depot Lampung,Solar,8867,4097,2880,3
2024-05-27,Depot Palembang,Pertalite,7113,4992,3783,2
2024-05-27,Depot Palembang,Pertamax,8970,2991,3067,1
2024-05-27,Depot Palembang,Solar,6577,2011,4274,2
2024-05-28,Depot Lampung,Pertalite,11744,3426,3201,3
2024-05-28,Depot Lampung,Pertamax,11852,1306,2778,4
2024-05-28,Depot Lampung,Solar,11411,4657,2007,4
2024-05-28,Depot Palembang,Pertalite,7555,1475,3320,4
2024-05-28,Depot Palembang,Pertamax,13676,4668,5143,3
2024-05-28,Depot Palembang,Solar,10000,1558,5982,4
2024-05-29,Depot Lampung,Pertalite,7285,2127,3233,2
2024-05-29,Depot Lampung,Pertamax,11971,1467,5525,4
2024-05-29,Depot Lampung,Solar,7822,1847,4434,1
2024-05-29,Depot Palembang,Pertalite,5258,1282,3649,3
2024-05-29,Depot Palembang,Pertamax,9135,3533,4976,4
2024-05-29,Depot Palembang,Solar,8200,2014,5071,4
2024-05-30,Depot Lampung,Pertalite,5612,3975,3915,4
2024-05-30,Depot Lampung,Pertamax,8690,1612,4307,2
2024-05-30,Depot Lampung,Solar,11509,2781,3810,4
2024-05-30,Depot Palembang,Pertalite,12183,2152,2574,1
2024-05-30,Depot Palembang,Pertamax,10108,4604,2669,1
2024-05-30,Depot Palembang,Solar,12329,2283,2923,2
2024-05-31,Depot Lampung,Pertalite,6529,2758,3594,3
2024-05-31,Depot Lampung,Pertamax,8711,4866,5908,1
2024-05-31,Depot Lampung,Solar,11274,3400,4243,1
2024-05-31,Depot Palembang,Pertalite,12833,4453,5069,1
2024-05-31,Depot Palembang,Pertamax,5226,3748,5547,1
2024-05-31,Depot Palembang,Solar,5264,2395,5557,2
2024-06-01,Depot Lampung,Pertalite,5645,3258,5643,4
2024-06-01,Depot Lampung,Pertamax,12544,2418,3473,3
2024-06-01,Depot Lampung,Solar,7504,3772,5799,2
2024-06-01,Depot Palembang,Pertalite,14346,1587,2475,2
2024-06-01,Depot Palembang,Pertamax,14177,4348,4203,4
2024-06-01,Depot Palembang,Solar,14433,1189,3440,1
2024-06-02,Depot Lampung,Pertalite,14890,2715,4593,1
2024-06-02,Depot Lampung,Pertamax,11450,1942,2337,2
2024-06-02,Depot Lampung,Solar,6098,4000,4326,4
2024-06-02,Depot Palembang,Pertalite,14087,4733,4320,1
2024-06-02,Depot Palembang,Pertamax,11763,2674,4909,3
2024-06-02,Depot Palembang,Solar,14122,1288,2723,1
2024-06-03,Depot Lampung,Pertalite,11049,2089,2482,4
2024-06-03,Depot Lampung,Pertamax,5155,2070,3958,2
2024-06-03,Depot Lampung,Solar,11344,2683,2123,1
2024-06-03,Depot Palembang,Pertalite,10063,4830,2854,4
2024-06-03,Depot Palembang,Pertamax,14794,3563,2441,1
2024-06-03,Depot Palembang,Solar,10925,3190,5262,1
2024-06-04,Depot Lampung,Pertalite,11370,2336,5700,1
2024-06-04,Depot Lampung,Pertamax,13179,4725,4019,4
2024-06-04,Depot Lampung,Solar,12568,1550,2392,3
2024-06-04,Depot Palembang,Pertalite,6787,1844,5278,2
2024-06-04,Depot Palembang,Pertamax,6138,4808,2645,3
2024-06-04,Depot Palembang,Solar,11362,3454,3466,3
2024-06-05,Depot Lampung,Pertalite,6377,3935,4605,2
2024-06-05,Depot Lampung,Pertamax,5141,3659,2500,4
2024-06-05,Depot Lampung,Solar,10661,3046,5917,3
2024-06-05,Depot Palembang,Pertalite,13787,2904,2280,4
2024-06-05,Depot Palembang,Pertamax,11999,1269,2153,2
2024-06-05,Depot Palembang,Solar,6750,1661,3967,1
2024-06-06,Depot Lampung,Pertalite,9178,4693,4994,3
2024-06-06,Depot Lampung,Pertamax,14641,2298,5784,4
2024-06-06,Depot Lampung,Solar,10075,3220,5398,2
2024-06-06,Depot Palembang,Pertalite,12230,4144,4810,4
2024-06-06,Depot Palembang,Pertamax,6531,1786,4990,4
2024-06-06,Depot Palembang,Solar,9493,2143,2933,1
2024-06-07,Depot Lampung,Pertalite,7723,3983,4512,2
2024-06-07,Depot Lampung,Pertamax,5264,3367,4720,4
2024-06-07,Depot Lampung,Solar,6762,4048,4381,2
2024-06-07,Depot Palembang,Pertalite,5040,2731,2067,4
2024-06-07,Depot Palembang,Pertamax,12804,4693,3621,1
2024-06-07,Depot Palembang,Solar,8198,2278,2694,4
2024-06-08,Depot Lampung,Pertalite,7524,2085,4928,4
2024-06-08,Depot Lampung,Pertamax,14885,3315,3058,3
2024-06-08,Depot Lampung,Solar,14777,2492,3790,1
2024-06-08,Depot Palembang,Pertalite,6348,2327,3299,1
2024-06-08,Depot Palembang,Pertamax,12851,4060,4044,1
2024-06-08,Depot Palembang,Solar,8516,2928,3347,3
2024-06-09,Depot Lampung,Pertalite,14168,1481,2727,4
2024-06-09,Depot Lampung,Pertamax,12468,1342,5502,4
2024-06-09,Depot Lampung,Solar,11581,4659,4221,3
2024-06-09,Depot Palembang,Pertalite,5526,2896,2658,2
2024-06-09,Depot Palembang,Pertamax,11748,1405,4279,1
2024-06-09,Depot Palembang,Solar,12986,2573,3811,1
2024-06-10,Depot Lampung,Pertalite,8740,1178,2131,3
2024-06-10,Depot Lampung,Pertamax,6478,3395,4587,4
2024-06-10,Depot Lampung,Solar,10525,3123,2578,2
2024-06-10,Depot Palembang,Pertalite,5193,3007,3185,3
2024-06-10,Depot Palembang,Pertamax,14984,4655,3110,2
2024-06-10,Depot Palembang,Solar,12429,3261,5736,2
2024-06-11,Depot Lampung,Pertalite,11716,1779,2261,2
2024-06-11,Depot Lampung,Pertamax,9378,4719,3490,4
2024-06-11,Depot Lampung,Solar,12616,1440,4140,1
2024-06-11,Depot Palembang,Pertalite,7800,1866,3447,2
2024-06-11,Depot Palembang,Pertamax,10410,2455,4796,4
2024-06-11,Depot Palembang,Solar,10808,3700,2700,2
2024-06-12,Depot Lampung,Pertalite,6325,1880,3213,4
2024-06-12,Depot Lampung,Pertamax,9650,1403,2891,1
2024-06-12,Depot Lampung,Solar,9697,2830,2340,1
2024-06-12,Depot Palembang,Pertalite,6968,1703,2317,2
2024-06-12,Depot Palembang,Pertamax,10482,4893,4429,1
2024-06-12,Depot Palembang,Solar,6800,2367,3572,1
2024-06-13,Depot Lampung,Pertalite,9648,4600,2855,1
2024-06-13,Depot Lampung,Pertamax,7866,4642,2182,1
2024-06-13,Depot Lampung,Solar,10670,1396,3727,3
2024-06-13,Depot Palembang,Pertalite,6517,4730,2906,1
2024-06-13,Depot Palembang,Pertamax,8629,4628,2000,4
2024-06-13,Depot Palembang,Solar,13210,4403,2583,4
2024-06-14,Depot Lampung,Pertalite,11132,2132,5339,1
2024-06-14,Depot Lampung,Pertamax,8311,2952,5372,2
2024-06-14,Depot Lampung,Solar,11246,1987,5321,1
2024-06-14,Depot Palembang,Pertalite,9615,4224,2858,2
2024-06-14,Depot Palembang,Pertamax,8741,4052,4478,3
2024-06-14,Depot Palembang,Solar,8760,2710,3875,2
2024-06-15,Depot Lampung,Pertalite,9033,2347,2989,1
2024-06-15,Depot Lampung,Pertamax,13611,1593,4532,3
2024-06-15,Depot Lampung,Solar,6774,3459,2935,4
2024-06-15,Depot Palembang,Pertalite,8808,1331,5449,3
2024-06-15,Depot Palembang,Pertamax,7702,3088,3793,3
2024-06-15,Depot Palembang,Solar,8868,1104,2201,2
2024-06-16,Depot Lampung,Pertalite,6842,2866,3996,2
2024-06-16,Depot Lampung,Pertamax,14101,1209,2562,2
2024-06-16,Depot Lampung,Solar,12544,4622,3563,3
2024-06-16,Depot Palembang,Pertalite,8155,3501,4714,1
2024-06-16,Depot Palembang,Pertamax,6628,2701,2386,4
2024-06-16,Depot Palembang,Solar,11439,3305,3104,1
2024-06-17,Depot Lampung,Pertalite,7466,3282,3856,3
2024-06-17,Depot Lampung,Pertamax,12980,2998,5033,1
2024-06-17,Depot Lampung,Solar,14428,1573,2048,3
2024-06-17,Depot Palembang,Pertalite,9318,3968,5350,4
2024-06-17,Depot Palembang,Pertamax,10624,4365,3819,1
2024-06-17,Depot Palembang,Solar,6130,2681,4467,3
2024-06-18,Depot Lampung,Pertalite,8500,1374,4120,1
2024-06-18,Depot Lampung,Pertamax,8259,4435,3889,4
2024-06-18,Depot Lampung,Solar,6474,3242,3179,4
2024-06-18,Depot Palembang,Pertalite,11990,2064,5134,3
2024-06-18,Depot Palembang,Pertamax,5359,4146,4607,4
2024-06-18,Depot Palembang,Solar,6141,2635,3403,1
2024-06-19,Depot Lampung,Pertalite,8361,3487,5739,1
2024-06-19,Depot Lampung,Pertamax,5006,4267,4468,4
2024-06-19,Depot Lampung,Solar,9928,4264,4606,4
2024-06-19,Depot Palembang,Pertalite,10906,4740,5273,4
2024-06-19,Depot Palembang,Pertamax,5913,3011,3442,3
2024-06-19,Depot Palembang,Solar,6829,1575,4372,4
2024-06-20,Depot Lampung,Pertalite,5929,4759,5699,4
2024-06-20,Depot Lampung,Pertamax,6054,4459,3648,1
2024-06-20,Depot Lampung,Solar,14649,3884,4973,4
2024-06-20,Depot Palembang,Pertalite,8415,1442,5650,3
2024-06-20,Depot Palembang,Pertamax,9652,4843,5737,3
2024-06-20,Depot Palembang,Solar,12597,3037,2362,4
2024-06-21,Depot Lampung,Pertalite,14449,4634,3841,2
2024-06-21,Depot Lampung,Pertamax,11268,1910,2244,2
2024-06-21,Depot Lampung,Solar,9009,3532,4169,1
2024-06-21,Depot Palembang,Pertalite,10668,3217,2123,1
2024-06-21,Depot Palembang,Pertamax,11789,2731,2785,4
2024-06-21,Depot Palembang,Solar,11344,3416,2796,1
2024-06-22,Depot Lampung,Pertalite,9154,3478,4685,4
2024-06-22,Depot Lampung,Pertamax,6936,3156,5807,4
2024-06-22,Depot Lampung,Solar,14493,1067,5140,1
2024-06-22,Depot Palembang,Pertalite,7352,2932,4721,1
2024-06-22,Depot Palembang,Pertamax,9916,2402,4390,3
2024-06-22,Depot Palembang,Solar,14569,2439,5180,3
2024-06-23,Depot Lampung,Pertalite,9857,4568,2340,2
2024-06-23,Depot Lampung,Pertamax,5382,2003,3556,4
2024-06-23,Depot Lampung,Solar,5138,1358,2835,3
2024-06-23,Depot Palembang,Pertalite,8456,2627,3982,4
2024-06-23,Depot Palembang,Pertamax,11626,1908,3134,2
2024-06-23,Depot Palembang,Solar,11652,3320,5170,4
2024-06-24,Depot Lampung,Pertalite,13017,3151,3237,1
2024-06-24,Depot Lampung,Pertamax,11905,3834,2164,3
2024-06-24,Depot Lampung,Solar,7567,2307,4564,1
2024-06-24,Depot Palembang,Pertalite,7660,3211,3909,3
2024-06-24,Depot Palembang,Pertamax,11207,4162,3140,2
2024-06-24,Depot Palembang,Solar,13458,2845,3708,3
2024-06-25,Depot Lampung,Pertalite,8211,3293,5732,2
2024-06-25,Depot Lampung,Pertamax,11538,2510,2475,1
2024-06-25,Depot Lampung,Solar,14168,2207,3043,1
2024-06-25,Depot Palembang,Pertalite,5557,2017,5595,2
2024-06-25,Depot Palembang,Pertamax,5882,3194,2665,4
2024-06-25,Depot Palembang,Solar,10867,3867,2863,2
2024-06-26,Depot Lampung,Pertalite,12166,1694,5833,4
2024-06-26,Depot Lampung,Pertamax,12269,2610,5488,2
2024-06-26,Depot Lampung,Solar,7454,1398,3946,3
2024-06-26,Depot Palembang,Pertalite,7808,3546,5825,1
2024-06-26,Depot Palembang,Pertamax,11068,4021,5802,2
2024-06-26,Depot Palembang,Solar,9699,2970,3710,3
2024-06-27,Depot Lampung,Pertalite,7819,1902,2364,3
2024-06-27,Depot Lampung,Pertamax,8119,3558,5400,4
2024-06-27,Depot Lampung,Solar,5115,3988,5920,1
2024-06-27,Depot Palembang,Pertalite,8935,1839,4194,3
2024-06-27,Depot Palembang,Pertamax,10442,3490,4884,1
2024-06-27,Depot Palembang,Solar,14134,4565,3724,3
2024-06-28,Depot Lampung,Pertalite,13182,3767,3137,4
2024-06-28,Depot Lampung,Pertamax,9117,4420,3749,3
2024-06-28,Depot Lampung,Solar,8906,4637,4953,2
2024-06-28,Depot Palembang,Pertalite,5276,2999,3227,2
2024-06-28,Depot Palembang,Pertamax,8735,4618,2695,2
2024-06-28,Depot Palembang,Solar,9152,4805,5374,3
2024-06-29,Depot Lampung,Pertalite,12537,3311,4841,1
2024-06-29,Depot Lampung,Pertamax,13733,3694,2578,1
2024-06-29,Depot Lampung,Solar,8363,1024,3572,1
2024-06-29,Depot Palembang,Pertalite,10668,1140,3767,4
2024-06-29,Depot Palembang,Pertamax,13068,3235,5199,1
2024-06-29,Depot Palembang,Solar,13448,4747,2546,2
2024-06-30,Depot Lampung,Pertalite,8175,4606,5336,2
2024-06-30,Depot Lampung,Pertamax,10037,4455,5331,2
2024-06-30,Depot Lampung,Solar,7014,2381,3098,3
2024-06-30,Depot Palembang,Pertalite,8655,4842,2909,4
2024-06-30,Depot Palembang,Pertamax,10409,3092,5644,3
2024-06-30,Depot Palembang,Solar,10242,1357,3551,2
